Id,FirstName,LastName,Email,Username,IsActive,Title
005xx000001Sv6dAAC,Ava,Gupta,ava.gupta@example.com,ava.gupta@example.com,true,Account Executive
005xx000001Sv6eAAC,Noah,Peterson,noah.peterson@example.com,noah.peterson@example.com,true,Sales Manager
005xx000001Sv6fAAC,Elena,Rossi,elena.rossi@example.com,elena.rossi@example.com,true,Senior AE
005xx000001Sv6gAAC,Marcus,Chen,marcus.chen@example.com,marcus.chen@example.com,true,Account Executive
